full_name,organization,email,phonenumber,state
Test Account 1,Daycare 1,testaccount1@gmail.com,9177483312,NE
Test Account 2,Daycare 2,testaccount2@gmail.com,9173478812,NE
Test Account 3,Daycare 3,testaccount3@gmail.com,9169474312,NE
Test Account 4,Daycare 4,testaccount4@gmail.com,9165469812,NE
Test Account 5,Daycare 5,testaccount5@gmail.com,9161465312,NE
Test Account 6,Daycare 6,testaccount6@gmail.com,9157460812,NE
Test Account 7,Daycare 7,testaccount7@gmail.com,9153456312,NE
Test Account 8,Daycare 8,testaccount8@gmail.com,9149451812,NE
Test Account 9,Daycare 9,testaccount9@gmail.com,9145447312,IL
Test Account 10,Daycare 10,testaccount10@gmail.com,9141442812,IL 
Test Account 11,Daycare 11,testaccount11@gmail.com,9137438312,IL
Test Account 12,Daycare 12,testaccount12@gmail.com,9133433812,IL
Test Account 13,Daycare 13,testaccount13@gmail.com,9129429312,NE
Test Account 14,Daycare 14,testaccount14@gmail.com,9125424812,NE
Test Account 15,Daycare 15,testaccount15@gmail.com,9121420312,NE
Test Account 16,Daycare 16,testaccount16@gmail.com,9117415812,NE
Test Account 17,Daycare 17,testaccount17@gmail.com,9113411312,NE
Test Account 18,Daycare 18,testaccount18@gmail.com,9109406812,NE
Test Account 19,Daycare 19,testaccount19@gmail.com,9105402312,NE
Test Account 20,Daycare 20,testaccount20@gmail.com,9101397812,NE
Test Account 21,Daycare 21,testaccount21@gmail.com,9097393312,IL
Test Account 22,Daycare 22,testaccount22@gmail.com,9093388812,IL 
Test Account 23,Daycare 23,testaccount23@gmail.com,9089384312,IL
Test Account 24,Daycare 24,testaccount24@gmail.com,9085379812,IL
Test Account 25,Daycare 25,testaccount25@gmail.com,9081375312,NE